Rank,Interval start (s),Interval end (s),Sum of abs(slope),Slope: RHref (%RH),Slope: RH1% (%),Slope: RH2% (%),Mean: RHref (%RH),Mean: RH1% (%),Mean: RH2% (%),Min: RHref (%RH),Max: RHref (%RH),Min: RH1% (%),Max: RH1% (%),Min: RH2% (%),Max: RH2% (%)
1,2100.000000,2159.000000,0.001368,0.000003,0.000519,0.000847,42.067868,38.894333,41.105167,42.033039,42.084251,38.700000,39.000000,40.930000,41.300000
2,2010.000000,2069.000000,0.002164,-0.001410,0.000508,-0.000246,42.091132,38.756500,40.971167,42.034416,42.160152,38.640000,38.890000,40.800000,41.160000
3,3180.000000,3239.000000,0.002273,-0.000161,0.000850,0.001262,63.469152,57.927667,60.169167,63.326000,63.605766,57.560000,58.310000,59.810000,60.640000
4,1560.000000,1619.000000,0.002298,-0.001249,0.000477,-0.000573,31.052765,29.199500,31.428833,31.024208,31.082121,29.030000,29.330000,31.240000,31.610000
5,2130.000000,2189.000000,0.002469,0.001056,-0.000981,-0.000432,42.085693,38.895500,41.129000,42.056839,42.125996,38.750000,39.040000,40.920000,41.360000
6,7440.000000,7499.000000,0.002525,0.000610,0.001476,0.000439,98.416273,93.550333,95.216500,98.396790,98.432564,93.400000,93.700000,95.040000,95.400000
7,4830.000000,4889.000000,0.002564,0.001573,0.000868,0.000123,90.595867,82.506833,84.717833,90.300049,90.703674,82.130000,82.820000,84.310000,85.500000
8,7170.000000,7229.000000,0.003011,0.000435,0.001609,0.000967,98.223439,93.072000,94.689833,98.186020,98.246933,92.920000,93.220000,94.520000,94.920000
9,60.000000,119.000000,0.003159,0.001681,-0.001409,-0.000069,21.126528,20.153000,22.291833,21.012875,21.164873,19.990000,20.320000,22.020000,22.570000
10,6750.000000,6809.000000,0.003663,-0.000669,0.002061,-0.000934,97.847384,91.714667,93.674000,97.770981,97.880371,91.520000,91.910000,93.480000,93.820000
11,6000.000000,6059.000000,0.003762,0.001660,0.001645,-0.000457,96.895594,89.253500,91.101667,96.837250,96.940514,89.120000,89.400000,90.880000,91.290000
12,7230.000000,7289.000000,0.003781,0.000263,0.001699,0.001819,98.268166,93.215000,94.815667,98.226830,98.293678,93.040000,93.370000,94.610000,95.000000
13,3210.000000,3269.000000,0.003849,0.000816,-0.001278,-0.001755,63.535815,57.942500,60.179667,63.326000,63.639713,57.560000,58.310000,59.810000,60.640000
14,7410.000000,7469.000000,0.003881,-0.000213,0.001632,0.002036,98.412031,93.507333,95.180500,98.396790,98.423607,93.350000,93.650000,94.950000,95.380000
15,1230.000000,1289.000000,0.004127,-0.002501,0.001209,0.000418,30.804761,28.938833,31.144500,30.767015,30.956400,28.760000,29.070000,30.940000,31.350000
16,7380.000000,7439.000000,0.004285,0.000721,0.001828,0.001736,98.406175,93.461000,95.116000,98.388901,98.423607,93.290000,93.610000,94.890000,95.280000
17,1620.000000,1679.000000,0.004303,0.002407,-0.001084,-0.000812,31.154962,29.323667,31.526000,31.046585,31.198315,29.200000,29.440000,31.310000,31.710000
18,930.000000,989.000000,0.004523,-0.000605,-0.001814,-0.002104,31.401329,29.346000,31.559167,31.353014,31.415394,29.170000,29.520000,31.360000,31.710000
19,7110.000000,7169.000000,0.004805,0.001549,0.001420,0.001837,98.165760,92.942167,94.585333,98.095657,98.196724,92.790000,93.090000,94.380000,94.800000
20,7350.000000,7409.000000,0.004826,0.000873,0.001752,0.002201,98.382217,93.408667,95.057667,98.344704,98.407928,93.230000,93.540000,94.880000,95.260000
21,5970.000000,6029.000000,0.004899,0.002908,0.001662,-0.000330,96.827341,89.195167,91.106333,96.726074,96.902374,89.010000,89.370000,90.890000,91.380000
22,1530.000000,1589.000000,0.004919,-0.001906,-0.001696,-0.001317,31.099939,29.213167,31.453833,31.048182,31.200996,29.030000,29.350000,31.240000,31.640000
23,6030.000000,6089.000000,0.004946,0.000807,-0.000051,-0.004088,96.932277,89.286167,91.029333,96.899590,96.948845,89.170000,89.410000,90.820000,91.230000
24,900.000000,959.000000,0.005048,0.002301,0.000870,0.001877,31.372970,29.369000,31.558167,31.277266,31.415394,29.240000,29.520000,31.350000,31.730000
25,7320.000000,7379.000000,0.005152,0.000636,0.000987,0.003530,98.361226,93.368000,94.980167,98.341713,98.391823,93.220000,93.510000,94.770000,95.260000
26,2070.000000,2129.000000,0.005259,0.001433,0.001941,0.001885,42.045747,38.847833,41.058500,42.013943,42.084251,38.690000,39.000000,40.880000,41.270000
27,6930.000000,6989.000000,0.005311,-0.001145,0.002620,0.001547,97.929696,92.419333,94.097833,97.879662,97.964493,92.220000,92.680000,93.910000,94.300000
28,2580.000000,2639.000000,0.005351,0.002932,0.001789,-0.000630,52.526767,48.088167,50.326333,52.269192,52.688004,47.620000,48.500000,49.800000,50.860000
29,6900.000000,6959.000000,0.005399,0.002214,0.002767,0.000417,97.917271,92.339500,94.074667,97.808968,97.961693,92.150000,92.500000,93.900000,94.250000
30,3840.000000,3899.000000,0.005536,-0.004844,0.000346,0.000345,74.157116,67.475833,69.720167,73.482292,74.569321,66.640000,68.050000,68.770000,70.470000
31,7140.000000,7199.000000,0.005549,0.001016,0.002380,0.002153,98.203934,93.007333,94.643000,98.181030,98.246933,92.840000,93.160000,94.470000,94.870000
32,7260.000000,7319.000000,0.005645,0.001397,0.001878,0.002370,98.292160,93.259333,94.878500,98.256950,98.357498,93.120000,93.410000,94.690000,95.110000
33,7290.000000,7349.000000,0.005667,0.001322,0.002243,0.002103,98.332943,93.320167,94.923667,98.263023,98.360184,93.150000,93.470000,94.760000,95.140000
34,2040.000000,2099.000000,0.005735,-0.001576,0.001501,0.002658,42.046835,38.791833,40.993333,42.013943,42.088871,38.640000,38.960000,40.800000,41.250000
35,7050.000000,7109.000000,0.005830,-0.001207,0.001741,0.002882,98.137759,92.809667,94.407000,98.095657,98.167297,92.660000,92.970000,94.190000,94.620000
36,2520.000000,2579.000000,0.005877,-0.002666,0.001098,0.002113,52.484918,47.980000,50.232500,52.323044,52.661896,47.520000,48.250000,49.800000,50.550000
37,3060.000000,3119.000000,0.006021,0.001351,0.002635,0.002035,63.870056,58.105500,60.336833,63.540691,64.181152,57.580000,58.590000,59.720000,60.920000
38,3240.000000,3299.000000,0.006250,-0.000856,-0.001982,-0.003411,63.545045,57.970500,60.188500,63.404377,63.639713,57.710000,58.250000,59.810000,60.660000
39,7020.000000,7079.000000,0.006454,0.001903,0.002318,0.002233,98.131487,92.735333,94.346500,98.036331,98.167297,92.590000,92.880000,94.030000,94.580000
40,7470.000000,7521.000000,0.006503,0.000563,0.002391,0.003549,98.433311,93.599615,95.252885,98.421494,98.459450,93.420000,93.760000,95.040000,95.450000
41,210.000000,269.000000,0.006577,-0.003371,0.001234,0.001972,19.939015,19.167333,21.314167,19.875776,20.103573,19.010000,19.350000,21.130000,21.620000
42,7200.000000,7259.000000,0.006698,0.001185,0.003145,0.002368,98.246837,93.145000,94.744833,98.215248,98.293678,92.940000,93.300000,94.570000,94.920000
43,1050.000000,1109.000000,0.006933,0.000113,-0.003869,-0.002951,31.232949,29.262333,31.473167,31.163532,31.268379,29.050000,29.430000,31.260000,31.700000
44,1470.000000,1529.000000,0.006936,0.003809,0.002186,0.000941,31.185653,29.343167,31.551833,31.031742,31.277752,28.950000,29.530000,31.200000,31.820000
45,990.000000,1049.000000,0.007152,-0.003968,0.000890,0.002295,31.216352,29.206000,31.397667,31.145662,31.348944,29.070000,29.380000,31.190000,31.660000
46,7080.000000,7139.000000,0.007183,0.000824,0.002801,0.003559,98.129989,92.879667,94.505667,98.095657,98.192375,92.690000,93.060000,94.280000,94.750000
47,4980.000000,5039.000000,0.007332,0.003927,0.003098,0.000307,91.470605,83.404333,85.493833,91.254776,91.597794,83.180000,83.640000,85.140000,85.800000
48,6300.000000,6359.000000,0.007383,0.002638,0.002898,0.001847,96.376037,89.100000,91.006167,96.291924,96.456276,88.960000,89.280000,90.740000,91.220000
49,4410.000000,4469.000000,0.007474,0.004970,0.002343,-0.000161,85.938803,77.997000,80.189167,85.587517,86.170296,77.410000,78.300000,79.530000,80.730000
50,6810.000000,6869.000000,0.007514,0.001273,0.004607,0.001634,97.716352,91.953333,93.842667,97.666359,97.769234,91.710000,92.160000,93.640000,94.060000
51,1020.000000,1079.000000,0.007585,0.002171,0.002841,0.002573,31.191700,29.275833,31.472667,31.145662,31.261475,29.070000,29.430000,31.190000,31.700000
52,1980.000000,2039.000000,0.007623,-0.005314,-0.001780,-0.000529,42.191636,38.764500,40.992667,42.086441,42.338577,38.640000,38.950000,40.810000,41.220000
53,2160.000000,2219.000000,0.008236,-0.002918,-0.002371,-0.002947,42.057053,38.843833,41.092167,41.980930,42.125996,38.670000,39.040000,40.890000,41.360000
54,1950.000000,2009.000000,0.008287,0.001946,-0.003131,-0.003210,42.250081,38.836500,41.042833,41.998493,42.338577,38.660000,38.980000,40.810000,41.260000
55,6840.000000,6899.000000,0.008454,0.001187,0.003689,0.003578,97.754570,92.076333,93.929333,97.685188,97.807693,91.900000,92.350000,93.700000,94.180000
56,5280.000000,5339.000000,0.008921,0.004391,0.002877,0.001654,92.097792,84.264833,86.307833,91.918549,92.211716,84.040000,84.470000,86.010000,86.690000
57,6270.000000,6329.000000,0.009188,0.005367,0.001807,-0.002013,96.256104,89.032833,91.015000,96.043892,96.386124,88.850000,89.240000,90.740000,91.260000
58,810.000000,869.000000,0.009344,0.002235,0.003518,0.003591,30.857559,28.987667,31.192500,30.807728,30.996979,28.830000,29.190000,30.990000,31.520000
59,3090.000000,3149.000000,0.009383,-0.004308,0.001840,0.003235,63.908071,58.133667,60.354167,63.592346,64.181152,57.580000,58.510000,59.720000,60.860000
60,6360.000000,6419.000000,0.009398,0.004583,0.003221,0.001595,96.584427,89.370833,91.337000,96.453896,96.699753,89.170000,89.550000,91.060000,91.520000
61,1590.000000,1649.000000,0.009419,0.002667,0.003736,0.003016,31.074383,29.273500,31.480333,31.024208,31.166883,29.070000,29.440000,31.270000,31.670000
62,5940.000000,5999.000000,0.009468,0.005137,0.003217,-0.001114,96.705655,89.124833,91.138833,96.532936,96.828857,88.860000,89.320000,90.950000,91.380000
63,4500.000000,4559.000000,0.009915,-0.001840,-0.002814,-0.005261,85.765081,78.014667,80.187167,85.515556,86.055405,77.560000,78.470000,79.560000,80.800000
64,6990.000000,7049.000000,0.010298,0.004885,0.002489,0.002924,98.029614,92.653833,94.289833,97.883972,98.138939,92.500000,92.800000,94.030000,94.580000
65,4440.000000,4499.000000,0.010303,-0.003020,-0.003471,-0.003812,85.959866,77.958833,80.115000,85.789673,86.161720,77.580000,78.190000,79.670000,80.470000
66,6960.000000,7019.000000,0.010515,0.001396,0.005396,0.003724,97.933252,92.535333,94.184167,97.879662,98.036331,92.290000,92.750000,93.930000,94.400000
67,1380.000000,1439.000000,0.010686,0.003282,-0.003239,-0.004166,31.835140,29.793000,31.999000,31.591213,31.930595,29.550000,30.050000,31.690000,32.260000
68,6720.000000,6779.000000,0.010767,0.002941,0.004516,0.003311,97.814179,91.598000,93.620500,97.708221,97.880371,91.370000,91.800000,93.370000,93.810000
69,1500.000000,1559.000000,0.010855,-0.003868,-0.004194,-0.002793,31.190558,29.304000,31.513833,31.081453,31.277752,29.120000,29.520000,31.310000,31.800000
70,3150.000000,3209.000000,0.010915,-0.007626,0.000902,0.002387,63.530255,57.909500,60.132833,63.334457,63.823647,57.480000,58.250000,59.660000,60.540000
71,5610.000000,5669.000000,0.011051,-0.002134,-0.003236,-0.005680,92.215531,84.413500,86.445333,92.018394,92.317841,84.160000,84.600000,85.880000,86.760000
72,2670.000000,2729.000000,0.011471,-0.001488,0.004603,0.005379,52.888350,48.431500,50.680500,52.508110,53.090256,47.980000,48.790000,50.110000,51.120000
73,2640.000000,2699.000000,0.011630,0.009816,0.000631,-0.001183,52.748059,48.313500,50.567000,52.252388,53.090256,47.680000,48.800000,49.840000,51.180000
74,5700.000000,5759.000000,0.011770,-0.006899,-0.000232,0.004639,90.286277,83.450333,85.739167,89.401260,91.086525,82.400000,84.360000,83.940000,87.120000
75,870.000000,929.000000,0.011883,0.006130,0.003647,0.002106,31.243098,29.310333,31.502333,31.004414,31.382156,29.120000,29.480000,31.230000,31.730000
76,2550.000000,2609.000000,0.011888,0.002121,0.004629,0.005139,52.469999,48.054000,50.332000,52.269192,52.688004,47.620000,48.500000,49.800000,50.860000
77,1260.000000,1319.000000,0.011912,0.002720,0.004706,0.004487,30.809118,29.017833,31.216167,30.767015,30.954760,28.850000,29.250000,30.990000,31.560000
78,780.000000,839.000000,0.012263,0.006430,0.003491,0.002342,30.728798,28.902167,31.118000,30.484480,30.833954,28.430000,29.070000,30.580000,31.340000
79,4620.000000,4679.000000,0.012358,-0.008744,-0.002980,-0.000634,85.601211,77.963667,80.104167,85.190132,86.070244,77.510000,78.320000,79.450000,80.650000
80,6870.000000,6929.000000,0.012432,0.003684,0.005435,0.003314,97.827568,92.211833,94.031000,97.754555,97.935028,92.000000,92.430000,93.760000,94.230000
81,6780.000000,6839.000000,0.012441,-0.004337,0.004210,0.003894,97.764371,91.819167,93.745500,97.666359,97.877457,91.640000,92.070000,93.480000,94.010000
82,2970.000000,3029.000000,0.012504,-0.003395,0.004389,0.004720,63.760518,57.838833,60.083000,63.432686,63.940136,57.260000,58.320000,59.470000,60.620000
83,3630.000000,3689.000000,0.012558,-0.000514,0.006161,0.005884,74.350991,67.324833,69.519667,73.867493,74.742561,66.610000,67.960000,68.690000,70.280000
84,1440.000000,1499.000000,0.013102,-0.011789,-0.000946,0.000367,31.309166,29.328167,31.533000,31.031742,31.748831,28.950000,29.660000,31.170000,31.870000
85,1920.000000,1979.000000,0.013116,-0.001178,0.006634,0.005303,42.240761,38.729000,40.944833,41.998493,42.414799,38.290000,38.980000,40.520000,41.260000
86,4470.000000,4529.000000,0.013260,-0.001282,0.005080,0.006898,85.859497,78.021333,80.207500,85.515556,86.055405,77.560000,78.470000,79.560000,80.800000
87,2490.000000,2549.000000,0.013530,-0.007706,-0.002465,-0.003358,52.611657,48.000833,50.254500,52.323044,52.972889,47.520000,48.360000,49.800000,50.700000
88,960.000000,1019.000000,0.013634,-0.003932,-0.004582,-0.005120,31.335936,29.249833,31.445167,31.186857,31.415180,29.080000,29.450000,31.230000,31.710000
89,750.000000,809.000000,0.014741,-0.009719,0.002223,0.002800,30.792527,28.822333,31.042500,30.484480,31.300310,28.430000,29.130000,30.580000,31.360000
90,4230.000000,4289.000000,0.015253,-0.004969,0.004602,0.005683,84.412515,76.368167,78.525667,84.272629,85.045097,76.000000,76.670000,78.110000,78.900000
91,630.000000,689.000000,0.015407,0.006118,0.004664,0.004625,32.273221,29.982167,32.187000,32.082520,32.389717,29.720000,30.150000,31.870000,32.440000
92,6330.000000,6389.000000,0.016057,0.003421,0.005489,0.007147,96.464882,89.237667,91.173500,96.381157,96.591721,89.020000,89.480000,90.860000,91.490000
93,1080.000000,1139.000000,0.016360,0.001786,0.007742,0.006832,31.247767,29.321333,31.541833,31.129131,31.484873,29.050000,29.700000,31.250000,31.950000
94,3690.000000,3749.000000,0.016555,0.002929,0.007094,0.006532,74.161307,67.235667,69.435000,73.363899,74.729996,66.140000,68.270000,68.210000,70.590000
95,5550.000000,5609.000000,0.016600,0.007172,0.004452,0.004977,91.888004,84.202500,86.315000,91.649422,92.104210,83.930000,84.460000,85.990000,86.690000
96,6390.000000,6449.000000,0.016861,0.001901,-0.003599,-0.011361,96.682914,89.382000,91.224000,96.591721,96.731659,89.070000,89.640000,90.600000,91.580000
97,2460.000000,2519.000000,0.017014,-0.000616,-0.007904,-0.008495,52.786364,48.196500,50.478667,52.256931,53.122036,47.660000,48.720000,50.050000,51.040000
98,1140.000000,1199.000000,0.017169,-0.003055,-0.006795,-0.007319,31.562938,29.526833,31.684167,31.364044,31.636221,29.210000,29.770000,31.330000,32.040000
99,6690.000000,6749.000000,0.017235,0.005102,0.007569,0.004564,97.694029,91.405000,93.508833,97.523247,97.825348,91.120000,91.700000,93.240000,93.810000
100,5910.000000,5969.000000,0.017320,0.007731,0.006200,0.003389,96.513387,88.982833,91.124667,96.259270,96.719025,88.770000,89.210000,90.910000,91.340000
101,4890.000000,4949.000000,0.017537,0.007183,0.006235,0.004119,90.834065,82.904667,85.111167,90.580711,91.095528,82.630000,83.220000,84.720000,85.530000
102,4860.000000,4919.000000,0.018185,0.006632,0.006623,0.004930,90.669642,82.700500,84.929000,90.472519,90.919182,82.390000,83.010000,84.340000,85.500000
103,90.000000,149.000000,0.018695,-0.005271,-0.007561,-0.005863,21.072722,20.029833,22.192333,20.843801,21.164873,19.720000,20.320000,21.870000,22.470000
104,3000.000000,3059.000000,0.018700,0.004419,0.007546,0.006736,63.760491,57.923500,60.165833,63.432686,63.923889,57.260000,58.320000,59.470000,60.620000
105,240.000000,299.000000,0.018778,0.005364,0.007087,0.006327,19.971353,19.287167,21.433833,19.875776,20.185549,19.010000,19.600000,21.180000,21.730000
106,30.000000,89.000000,0.019103,0.010015,0.004975,0.004113,20.949485,20.092000,22.242000,20.552681,21.148340,19.840000,20.260000,21.950000,22.570000
107,5580.000000,5639.000000,0.019635,0.008068,0.006104,0.005462,92.114984,84.364167,86.470000,91.938606,92.313217,84.030000,84.600000,85.990000,86.760000
108,570.000000,629.000000,0.019829,0.008245,0.006182,0.005402,31.898610,29.592333,31.797500,31.491882,32.078712,29.300000,29.860000,31.550000,32.120000
109,5250.000000,5309.000000,0.020396,0.009617,0.006694,0.004084,91.894495,84.138167,86.235000,91.541862,92.154320,83.870000,84.390000,85.960000,86.500000
110,1200.000000,1259.000000,0.020576,-0.010479,-0.005199,-0.004899,30.998498,29.009333,31.211000,30.773026,31.348974,28.760000,29.340000,30.940000,31.600000
111,3030.000000,3089.000000,0.020663,0.001429,0.009146,0.010088,63.824559,58.060667,60.304000,63.540691,64.167282,57.620000,58.590000,59.720000,60.920000
112,600.000000,659.000000,0.020770,0.005349,0.007874,0.007546,32.094772,29.796000,32.003833,31.942442,32.304852,29.540000,30.110000,31.710000,32.430000
113,660.000000,719.000000,0.021443,-0.005273,-0.008053,-0.008117,32.298683,29.934000,32.138000,31.985865,32.389717,29.550000,30.150000,31.710000,32.440000
114,5520.000000,5579.000000,0.021561,0.011999,0.006054,0.003508,91.623564,84.040833,86.180333,91.199951,91.934303,83.770000,84.330000,85.910000,86.460000
115,4920.000000,4979.000000,0.021592,0.006265,0.007731,0.007595,91.032264,83.056167,85.219833,90.851402,91.225861,82.630000,83.440000,84.770000,85.750000
116,6660.000000,6719.000000,0.021947,0.007093,0.008722,0.006133,97.511320,91.160167,93.359167,97.283134,97.698387,90.850000,91.510000,93.010000,93.660000
117,4950.000000,5009.000000,0.022066,0.008343,0.006942,0.006780,91.282120,83.246333,85.384500,91.104446,91.518188,82.840000,83.500000,84.870000,85.750000
118,6240.000000,6299.000000,0.022067,0.014185,0.003685,-0.004197,95.963489,88.967500,91.131333,95.408829,96.271843,88.740000,89.190000,90.790000,91.380000
119,1290.000000,1349.000000,0.022267,0.007939,0.006751,0.007576,30.969937,29.189667,31.399667,30.774397,31.213501,28.930000,29.480000,31.050000,31.750000
120,840.000000,899.000000,0.022347,0.008324,0.006792,0.007232,31.018081,29.150167,31.365667,30.831730,31.258987,28.920000,29.410000,31.060000,31.660000
121,3900.000000,3959.000000,0.022400,-0.003558,0.007957,0.010886,73.891466,67.318333,69.554333,73.410522,74.473625,66.610000,68.150000,68.750000,70.630000
122,180.000000,239.000000,0.022485,-0.009351,-0.006624,-0.006510,20.131102,19.256667,21.385833,19.903067,20.449017,19.060000,19.570000,21.130000,21.730000
123,1890.000000,1949.000000,0.022573,0.004584,-0.008275,-0.009714,42.204992,38.704500,40.953167,41.492809,42.415066,38.290000,38.970000,40.520000,41.330000
124,1110.000000,1169.000000,0.022766,0.010879,0.006798,0.005089,31.432905,29.536833,31.726667,31.129131,31.636221,29.060000,29.770000,31.250000,32.040000
125,6060.000000,6119.000000,0.023138,-0.000943,-0.006747,-0.015448,96.932543,89.205667,90.781333,96.825508,96.948845,88.490000,89.410000,89.310000,91.180000
126,4530.000000,4589.000000,0.023455,-0.013268,-0.005978,-0.004209,85.570152,77.818667,79.946333,85.091339,86.046257,77.330000,78.180000,79.400000,80.550000
127,5430.000000,5489.000000,0.024151,0.012462,0.006891,0.004799,89.776190,82.903000,85.187667,89.374931,90.253677,82.660000,83.380000,84.850000,85.630000
128,5880.000000,5939.000000,0.024783,0.012954,0.009135,0.002693,96.205751,88.739333,91.041167,95.743019,96.527679,88.390000,89.040000,90.840000,91.270000
129,4590.000000,4649.000000,0.024783,-0.003695,-0.008773,-0.012315,85.773966,78.177500,80.381000,85.099861,86.151314,77.510000,78.590000,79.450000,81.060000
130,270.000000,329.000000,0.025153,0.008520,0.008593,0.008041,20.184725,19.509500,21.639000,19.931675,20.461855,19.240000,19.980000,21.380000,22.230000
131,4260.000000,4319.000000,0.025980,0.006639,0.008997,0.010344,84.462055,76.501000,78.687333,84.278687,84.687256,76.000000,76.880000,78.110000,79.130000
132,4350.000000,4409.000000,0.025981,0.010161,0.008179,0.007642,85.515387,77.530667,79.729333,85.232368,85.819992,77.080000,77.960000,79.230000,80.270000
133,5310.000000,5369.000000,0.026174,-0.004148,-0.008148,-0.013879,92.108669,84.167000,86.096833,91.896751,92.220375,83.050000,84.470000,84.110000,86.690000
134,3930.000000,3989.000000,0.026699,0.009957,0.007102,0.009640,74.057389,67.426500,69.679667,73.410522,74.628487,66.610000,68.280000,68.750000,70.800000
135,3750.000000,3809.000000,0.027173,0.009260,0.008715,0.009198,73.777279,67.102167,69.316500,72.941963,74.374031,66.100000,68.070000,68.190000,70.440000
136,3420.000000,3479.000000,0.027821,0.023245,0.001453,-0.003123,69.531666,63.512667,65.927667,67.393906,70.156685,62.700000,64.630000,65.000000,67.520000
137,3120.000000,3179.000000,0.027922,-0.010030,-0.008778,-0.009114,63.756720,58.043167,60.265333,63.334457,63.980549,57.480000,58.510000,59.660000,60.700000
138,2610.000000,2669.000000,0.027953,0.002133,0.011859,0.013961,52.570477,48.211667,50.449333,52.252388,53.051655,47.680000,48.800000,49.840000,51.180000
139,2430.000000,2489.000000,0.028193,0.005043,0.011785,0.011366,52.786165,48.051333,50.330000,52.256931,53.122036,47.410000,48.720000,49.600000,51.040000
140,6630.000000,6689.000000,0.028397,0.010120,0.010303,0.007973,97.252443,90.875667,93.141667,96.924576,97.516403,90.500000,91.260000,92.750000,93.440000
141,3720.000000,3779.000000,0.028687,-0.024709,-0.000572,0.003406,73.917613,67.151000,69.342833,72.941963,74.729996,66.100000,68.070000,68.190000,70.440000
142,1320.000000,1379.000000,0.028767,0.009698,0.009436,0.009633,31.236055,29.439500,31.645333,30.965952,31.572460,29.160000,29.820000,31.310000,32.040000
143,3660.000000,3719.000000,0.029462,-0.013445,0.005388,0.010629,74.196756,67.261000,69.461833,73.363899,74.742561,66.140000,68.270000,68.210000,70.590000
144,5070.000000,5129.000000,0.029833,-0.020137,-0.006661,-0.003035,89.220519,82.051333,84.254500,88.427948,90.300728,81.260000,83.330000,82.840000,86.520000
145,1350.000000,1409.000000,0.030507,0.012894,0.008473,0.009140,31.581725,29.713667,31.920000,31.220964,31.901793,29.380000,30.050000,31.460000,32.210000
146,150.000000,209.000000,0.031041,-0.012690,-0.009011,-0.009340,20.461960,19.495500,21.626333,20.103573,20.827971,19.190000,19.810000,21.270000,22.000000
147,3870.000000,3929.000000,0.031113,-0.004796,-0.012325,-0.013992,74.065235,67.437000,69.658167,73.565659,74.369469,66.960000,68.010000,69.080000,70.470000
148,120.000000,179.000000,0.031302,-0.011332,-0.009680,-0.010290,20.822998,19.774500,21.932000,20.461714,21.107018,19.420000,20.070000,21.540000,22.330000
149,3780.000000,3839.000000,0.031494,-0.015884,0.005772,0.009838,73.756803,67.166833,69.428167,72.937866,74.391106,66.160000,68.230000,68.360000,70.720000
150,1170.000000,1229.000000,0.031996,-0.012074,-0.010373,-0.009550,31.338421,29.256500,31.421500,30.967587,31.632656,28.910000,29.600000,31.030000,31.810000
151,4650.000000,4709.000000,0.034015,-0.001974,0.012922,0.019120,85.472855,78.099000,80.332000,85.189941,86.100784,77.580000,79.120000,79.610000,81.590000
152,3810.000000,3869.000000,0.034141,0.014144,0.010193,0.009805,73.814691,67.250167,69.535833,72.937866,74.569321,66.160000,68.230000,68.360000,70.720000
153,540.000000,599.000000,0.034319,0.010737,0.012887,0.010695,31.609091,29.286000,31.510500,31.357756,31.942442,28.930000,29.640000,31.150000,31.900000
154,3960.000000,4019.000000,0.034526,0.003497,0.013356,0.017673,74.444684,67.797000,70.053500,73.729858,74.781715,66.710000,69.120000,68.890000,71.830000
155,4380.000000,4439.000000,0.034561,0.010483,0.012871,0.011207,85.766808,77.823167,80.035500,85.456070,86.170296,77.240000,78.300000,79.230000,80.730000
156,3510.000000,3569.000000,0.035832,0.010562,-0.008682,-0.016588,73.517122,66.615833,68.953000,72.428696,74.313759,65.410000,67.740000,67.550000,70.400000
157,4800.000000,4859.000000,0.036669,0.017321,0.010961,0.008387,90.276303,82.250167,84.520000,89.814445,90.703674,81.660000,82.750000,83.710000,85.160000
158,5100.000000,5159.000000,0.036819,-0.002804,0.012213,0.021803,88.940638,81.966333,84.233833,88.427948,90.110466,81.430000,82.690000,83.420000,85.190000
159,6600.000000,6659.000000,0.037653,0.014100,0.013907,0.009646,96.890415,90.499500,92.862833,96.410095,97.266426,90.060000,91.010000,92.490000,93.220000
160,5220.000000,5279.000000,0.038219,0.016488,0.012594,0.009137,91.499926,83.858667,86.035667,91.030426,91.918549,83.310000,84.220000,85.380000,86.420000
161,2400.000000,2459.000000,0.038767,0.020208,-0.007151,-0.011408,52.485314,47.924333,50.252000,50.777245,53.025143,46.610000,48.510000,48.940000,50.990000
162,5490.000000,5549.000000,0.039797,0.022644,0.010322,0.006831,91.134459,83.770333,85.985333,90.276245,91.649422,83.280000,84.120000,85.570000,86.350000
163,4320.000000,4379.000000,0.039931,0.014951,0.013238,0.011742,85.159302,77.225000,79.435167,84.705147,85.552917,76.650000,77.630000,78.710000,79.930000
164,1410.000000,1469.000000,0.040179,-0.012669,-0.013157,-0.014353,31.694950,29.542333,31.726167,31.210045,31.930595,29.090000,29.980000,31.170000,32.260000
165,4290.000000,4349.000000,0.042529,0.012477,0.014215,0.015837,84.754382,76.819500,79.034000,84.509300,85.232368,76.290000,77.340000,78.380000,79.560000
166,4560.000000,4619.000000,0.043053,0.013816,0.013812,0.015425,85.640290,78.036333,80.240500,85.091339,86.151314,77.330000,78.590000,79.400000,81.060000
167,1650.000000,1709.000000,0.043503,0.007097,0.016874,0.019533,31.271159,29.522167,31.767667,31.166883,32.042637,29.200000,30.610000,31.310000,32.940000
168,0.000000,59.000000,0.044312,0.017786,0.013829,0.012697,20.523984,19.812500,21.999833,20.019251,20.986824,19.310000,20.190000,21.550000,22.450000
169,4200.000000,4259.000000,0.044620,0.027649,-0.000275,-0.016696,84.194072,76.465000,78.844333,81.939735,85.113052,74.930000,77.200000,77.630000,80.130000
170,5850.000000,5909.000000,0.045516,0.021960,0.015658,0.007898,95.684065,88.362167,90.878333,94.905281,96.236313,87.750000,88.780000,90.510000,91.180000
171,5190.000000,5249.000000,0.045528,0.018180,0.014356,0.012992,90.983393,83.479333,85.724167,90.399529,91.503105,82.980000,83.990000,85.310000,86.220000
172,3270.000000,3329.000000,0.047263,0.009095,0.017921,0.020247,63.617748,58.247167,60.488000,63.404377,64.413628,57.730000,59.620000,59.810000,62.170000
173,3540.000000,3599.000000,0.048933,-0.021378,-0.013145,-0.014410,73.272437,66.226167,68.440333,72.790710,74.217003,65.620000,66.860000,67.520000,69.260000
174,510.000000,569.000000,0.050341,0.024636,0.014232,0.011473,31.083866,28.890333,31.179667,30.000788,31.471762,27.920000,29.440000,30.150000,31.780000
175,690.000000,749.000000,0.050725,-0.018515,-0.016225,-0.015984,31.945808,29.576000,31.779333,31.327194,32.374191,28.980000,30.080000,31.180000,32.360000
176,6210.000000,6269.000000,0.050913,0.031245,0.013462,0.006206,95.286959,88.719833,91.115333,94.151855,96.033852,88.110000,89.110000,90.610000,91.380000
177,5160.000000,5219.000000,0.051436,0.025169,0.015484,0.010783,90.350512,83.050333,85.375167,89.361137,91.020607,82.530000,83.540000,84.880000,85.790000
178,5010.000000,5069.000000,0.055206,-0.007207,-0.018284,-0.029714,91.432492,83.207833,85.098667,90.522911,91.597794,81.640000,83.640000,83.010000,85.800000
179,6570.000000,6629.000000,0.055598,0.023261,0.018290,0.014047,96.331794,90.009167,92.511500,95.554962,96.914581,89.290000,90.490000,91.800000,92.970000
180,6150.000000,6209.000000,0.057276,-0.015279,0.009387,0.032611,93.939652,87.445500,89.400333,93.466469,94.695023,86.850000,88.140000,88.230000,90.650000
181,3600.000000,3659.000000,0.060165,0.028194,0.017511,0.014460,73.980324,67.250500,69.544333,72.439560,74.724602,65.370000,68.000000,67.440000,70.580000
182,720.000000,779.000000,0.060356,-0.023556,-0.018542,-0.018258,31.311762,29.055333,31.260500,30.626947,31.967232,28.460000,29.590000,30.600000,31.930000
183,2940.000000,2999.000000,0.062946,0.027787,0.019239,0.015919,63.379978,57.623333,59.912667,62.404217,63.940136,56.340000,58.300000,58.660000,60.780000
184,5460.000000,5519.000000,0.063506,0.028283,0.018047,0.017176,90.381846,83.305667,85.561167,89.710236,91.190109,82.770000,83.890000,84.850000,86.100000
185,2190.000000,2249.000000,0.065847,0.014688,0.024834,0.026324,42.224991,39.195167,41.463500,41.980785,43.113525,38.670000,40.350000,40.890000,42.640000
186,300.000000,359.000000,0.066449,0.018649,0.022261,0.025539,20.604832,19.955333,22.146000,20.198183,21.302938,19.440000,21.220000,21.530000,23.570000
187,5040.000000,5099.000000,0.067588,-0.046250,-0.016976,-0.004361,90.441112,82.643333,84.637500,88.861725,91.597794,81.260000,83.460000,82.840000,86.520000
188,3360.000000,3419.000000,0.068758,0.029812,0.018725,0.020221,66.836508,61.131500,63.493167,65.254448,67.645302,60.130000,62.720000,62.410000,65.220000
189,6480.000000,6539.000000,0.069754,-0.033671,0.004996,0.031086,94.431853,87.843333,89.541000,93.721825,95.782059,87.110000,88.460000,88.010000,90.950000
190,6420.000000,6479.000000,0.070063,-0.010941,-0.021998,-0.037125,96.553617,89.056833,90.592000,95.844307,96.731659,88.220000,89.640000,89.260000,91.580000
191,5130.000000,5189.000000,0.072848,0.031385,0.020326,0.021136,89.477356,82.485500,84.872167,88.594910,90.350204,81.890000,83.130000,84.120000,85.510000
192,5370.000000,5429.000000,0.073592,-0.050858,-0.003730,0.019004,89.474597,82.463500,84.495000,87.930420,91.848579,81.200000,83.550000,82.750000,86.040000
193,4770.000000,4829.000000,0.075587,0.028739,0.024649,0.022199,89.502613,81.746000,84.182667,88.520203,90.243164,80.780000,82.690000,83.130000,85.160000
194,5400.000000,5459.000000,0.077025,0.025823,0.023410,0.027792,89.100690,82.511167,84.838000,87.930420,89.750443,81.200000,83.020000,82.750000,85.750000
195,5640.000000,5699.000000,0.077818,-0.019671,-0.025999,-0.032148,91.955040,84.034333,85.908000,90.552673,92.317841,82.850000,84.630000,84.360000,86.770000
196,6120.000000,6179.000000,0.081921,-0.055026,-0.021772,-0.005122,95.082972,87.526000,88.708167,93.720695,96.795349,86.850000,88.550000,87.780000,89.570000
197,2700.000000,2759.000000,0.083254,0.024910,0.028720,0.029625,53.147686,48.963500,51.243500,52.508110,54.487236,48.070000,50.160000,50.340000,52.540000
198,1860.000000,1919.000000,0.088114,0.044704,0.023190,0.020220,41.506148,38.411333,40.713833,39.626240,42.415066,37.150000,38.970000,39.600000,41.330000
199,5670.000000,5729.000000,0.089798,-0.037233,-0.026137,-0.026427,91.125922,83.529000,85.443333,89.605423,92.161537,82.400000,84.630000,83.940000,87.120000
200,6540.000000,6599.000000,0.091510,0.035036,0.027257,0.029218,95.458735,89.339500,91.883000,94.293800,96.389854,88.440000,90.120000,90.770000,92.660000
201,5730.000000,5789.000000,0.091698,0.034701,0.027631,0.029366,90.499445,83.925000,86.493833,89.401260,91.733055,82.850000,84.920000,85.180000,87.810000
202,5820.000000,5879.000000,0.093790,0.039712,0.031164,0.022914,94.758504,87.677333,90.426167,93.403992,95.714294,86.440000,88.540000,89.340000,91.030000
203,4110.000000,4169.000000,0.094746,0.021208,0.033518,0.040020,80.274335,73.157000,75.635167,79.595490,81.568756,71.930000,75.530000,74.220000,78.440000
204,4020.000000,4079.000000,0.098853,0.034932,0.031917,0.032004,76.762350,70.198500,72.617500,74.761993,78.669098,68.490000,71.800000,70.590000,74.510000
205,2910.000000,2969.000000,0.100332,0.035249,0.032946,0.032137,62.459520,57.033667,59.390000,61.157055,63.877373,56.120000,58.300000,58.470000,60.780000
206,6180.000000,6239.000000,0.101232,0.036737,0.030255,0.034240,94.239772,88.060500,90.509333,93.466469,95.378609,87.010000,88.800000,89.060000,91.280000
207,3480.000000,3539.000000,0.101519,0.056060,0.025783,0.019677,72.780831,66.429000,68.935500,69.672707,74.313759,64.950000,67.740000,67.550000,70.400000
208,3570.000000,3629.000000,0.103799,0.030544,0.035752,0.037503,73.295264,66.619333,68.905667,72.439560,74.711876,65.370000,68.000000,67.440000,70.580000
209,3300.000000,3359.000000,0.104638,0.037478,0.032594,0.034565,64.391397,59.021667,61.309667,63.432068,65.261497,57.800000,60.770000,60.040000,63.360000
210,4680.000000,4739.000000,0.104649,0.035413,0.033337,0.035898,86.009931,78.745500,81.061333,85.189941,87.122543,77.810000,79.870000,79.870000,82.390000
211,3330.000000,3389.000000,0.106461,0.035269,0.034222,0.036971,65.682113,60.159333,62.490833,64.555115,66.722595,58.820000,61.880000,61.030000,64.420000
212,2820.000000,2879.000000,0.107593,0.041456,0.033132,0.033005,58.036528,53.182000,55.537333,56.854343,59.119904,51.790000,53.930000,54.110000,56.390000
213,6510.000000,6569.000000,0.107815,0.033479,0.031630,0.042706,94.410474,88.458333,90.797833,93.721825,95.532349,87.510000,89.390000,89.510000,91.990000
214,4710.000000,4769.000000,0.108680,0.031638,0.035490,0.041551,87.094428,79.703333,82.075167,86.173691,88.445503,78.620000,81.050000,80.730000,83.650000
215,4140.000000,4199.000000,0.113079,0.048065,0.033344,0.031671,81.668742,74.150167,76.576833,80.197372,83.151176,72.380000,75.650000,74.450000,78.440000
216,2730.000000,2789.000000,0.120484,0.045619,0.036943,0.037921,54.143258,49.821500,52.118833,52.935719,55.269844,48.300000,50.810000,50.480000,53.160000
217,2220.000000,2279.000000,0.124040,0.046160,0.038091,0.039788,43.159972,40.165833,42.474167,41.980785,44.501175,39.190000,41.100000,41.440000,43.590000
218,2760.000000,2819.000000,0.124277,0.038922,0.041827,0.043528,55.420250,50.952000,53.303000,54.517891,56.790604,49.630000,52.390000,51.920000,54.840000
219,6450.000000,6509.000000,0.125181,-0.046840,-0.036644,-0.041697,95.686575,88.237167,89.519833,93.927361,96.640091,87.110000,89.300000,88.010000,91.080000
220,450.000000,509.000000,0.126352,0.048548,0.038815,0.038989,28.475211,26.837000,29.109667,26.610222,29.961542,25.830000,28.050000,28.100000,30.330000
221,2280.000000,2339.000000,0.126485,0.050215,0.038021,0.038249,46.211313,42.796500,45.165167,44.521503,47.670124,41.320000,44.020000,44.020000,46.290000
222,5340.000000,5399.000000,0.128108,-0.051480,-0.036765,-0.039863,91.201888,83.371167,85.155500,89.744812,92.220375,81.740000,84.350000,83.010000,86.330000
223,3990.000000,4049.000000,0.128465,0.055852,0.036704,0.035909,75.539045,68.945000,71.263833,73.990379,77.086105,67.560000,70.420000,69.710000,72.930000
224,2310.000000,2369.000000,0.129892,0.049703,0.040687,0.039501,47.661560,43.966000,46.340167,46.336597,48.947220,42.540000,44.900000,44.930000,47.290000
225,2790.000000,2849.000000,0.130748,0.047975,0.041622,0.041151,56.704015,52.174667,54.553167,55.274727,58.357342,50.500000,53.550000,52.780000,56.000000
226,1710.000000,1769.000000,0.131391,0.047728,0.041682,0.041981,33.541172,31.628000,33.948000,32.130913,34.993855,30.630000,32.890000,32.880000,35.450000
227,1680.000000,1739.000000,0.131920,0.045084,0.042617,0.044219,32.090585,30.369333,32.668500,31.189358,33.500877,29.240000,31.560000,31.390000,33.940000
228,4170.000000,4229.000000,0.132050,0.046195,0.042410,0.043445,83.291675,75.683500,78.163667,81.882599,85.113052,73.890000,77.200000,75.880000,80.130000
229,1770.000000,1829.000000,0.133595,0.051390,0.041201,0.041004,36.551420,34.213667,36.516167,35.026928,37.859093,33.050000,35.400000,35.330000,37.750000
230,330.000000,389.000000,0.134191,0.044983,0.044873,0.044335,21.609042,20.990833,23.237000,20.495510,23.017206,19.900000,22.890000,22.090000,25.070000
231,4080.000000,4139.000000,0.135199,0.037510,0.046828,0.050861,79.180971,72.156667,74.597000,77.974472,80.626877,70.540000,73.740000,72.650000,76.340000
232,480.000000,539.000000,0.135341,0.051035,0.041526,0.042780,29.963519,28.074667,30.379833,28.500811,31.343365,26.950000,29.090000,29.150000,31.430000
233,2850.000000,2909.000000,0.135850,0.039954,0.047094,0.048802,59.263810,54.319667,56.699667,58.375950,61.014992,53.150000,56.550000,55.370000,59.010000
234,390.000000,449.000000,0.137134,0.053322,0.041498,0.042314,25.107011,23.996000,26.272833,23.188778,26.465813,22.820000,25.770000,25.100000,28.110000
235,6090.000000,6149.000000,0.138863,-0.033252,-0.043582,-0.062029,96.432354,88.444333,89.607000,94.791519,96.947685,87.070000,89.400000,87.780000,91.180000
236,4740.000000,4799.000000,0.139570,0.046543,0.044229,0.048797,88.316909,80.814333,83.295500,87.186768,89.814445,79.550000,82.050000,81.700000,84.670000
237,1740.000000,1799.000000,0.143355,0.051025,0.045773,0.046557,35.004317,32.923167,35.249333,33.540600,36.638645,31.480000,34.420000,33.680000,36.750000
238,1800.000000,1859.000000,0.146729,0.055342,0.045023,0.046364,38.191733,35.608833,37.920833,36.715889,39.612354,34.260000,36.810000,36.520000,39.130000
239,2250.000000,2309.000000,0.147579,0.054035,0.046511,0.047034,44.685013,41.498667,43.835667,43.187992,46.274361,40.160000,42.770000,42.420000,45.180000
240,1830.000000,1889.000000,0.148939,0.061393,0.044224,0.043321,39.948008,37.184500,39.527333,37.881313,41.468792,35.790000,38.390000,38.120000,40.830000
241,4050.000000,4109.000000,0.149856,0.052478,0.047400,0.049978,77.756404,71.069333,73.527000,75.767281,79.490242,68.490000,72.980000,70.590000,75.590000
242,420.000000,479.000000,0.151016,0.057221,0.047194,0.046601,26.841622,25.444167,27.719833,25.137201,28.411335,24.330000,27.000000,26.500000,29.280000
243,2340.000000,2399.000000,0.151224,0.059749,0.045841,0.045635,49.284832,45.410000,47.785833,47.691757,50.778015,44.030000,46.540000,46.380000,48.980000
244,3390.000000,3449.000000,0.153812,0.053089,0.049143,0.051579,68.280633,62.473833,64.895500,66.861382,69.691338,60.710000,63.910000,62.830000,66.500000
245,5760.000000,5819.000000,0.155970,0.052381,0.048869,0.054720,91.755943,85.010500,87.692000,90.577164,93.354492,83.590000,86.400000,85.880000,89.340000
246,5790.000000,5849.000000,0.156081,0.053471,0.049710,0.052899,93.358565,86.473167,89.285667,91.783760,94.855309,84.990000,87.820000,87.630000,90.640000
247,360.000000,419.000000,0.165257,0.062229,0.051090,0.051938,23.303378,22.519667,24.771500,21.390965,25.013941,21.170000,24.250000,23.370000,26.510000
248,2880.000000,2939.000000,0.169622,0.065703,0.052685,0.051234,60.925612,55.827833,58.217167,59.134262,62.610863,53.860000,57.130000,56.400000,59.420000
249,2370.000000,2429.000000,0.173066,0.072339,0.051147,0.049580,51.216744,47.158167,49.548667,48.947220,53.025143,44.980000,48.510000,47.330000,50.990000
250,3450.000000,3509.000000,0.189020,0.067834,0.059373,0.061813,71.005154,64.787500,67.234333,69.444496,72.985962,62.700000,66.610000,65.000000,69.390000
